,Date,Study,Study Link,Journal,Study Type,Detection Method,Sample (n),Measure of Evidence (Sn & Sp),Speed of assay,FDA approval (Y/N),Added By,Added on
0,2020-04-10,Evaluation of nine commercial SARS-CoV-2 immunoassays,https://www.medrxiv.org/content/10.1101/2020.04.09.20056325v1,medRxiv,Retrospective Cohort,ELISA; Lateral Flow Assay,30.0,"The results showed 100% specificity for the Wantai SARS-CoV-2 Total Antibody ELISA, 93% for the Euroimmun IgA ELISA, and 96% for the Euroimmun IgG ELISA with sensitivities of 90%, 90%, and 65%, respectively",~2 hrs,Y,sirjallex@gmail.com,2020-04-25
1,2020-04-07,Portable and accurate diagnostics for COVID-19: Combined use of the miniPCR thermocycler and a well-plate reader for SARS-Co2 virus detection,https://www.medrxiv.org/content/10.1101/2020.04.03.20052860v1,medRxiv,Simulation study,mini-PCR,,The fluorescence readings were 211 capable of clearly discriminating between positive and negative samples across the whole range of dilutions tested (from 2 × 105 212 to 625 copies),60 mins,N,sirjallex@gmail.com,2020-04-25
2,2020-04-04,Detecting SARS-CoV-2 at point of care: Preliminary data comparing Loop-mediated isothermal amplification (LAMP) to PCR,https://www.medrxiv.org/content/10.1101/2020.04.01.20047357v1,medRxiv,Simulation Study,"RT-LAMP, RT-PCR",24.0,"Using repeated RT-PCR as a 'gold standard', the sensitivity and specificity of the novel test were 80% and 73% respectively. Positive predictive value (PPV) was 73% and negative predictive value (NPV) was 83%.",<30 mins,Y,sirjallex@gmail.com,2020-04-25
3,2020-03-24,Diagnosing COVID-19: The Disease and Tools for Detection,https://www.ncbi.nlm.nih.gov/pmc/articles/PMC7144809/,American Chemical Society,Review,Lateral Flow Antigen Detection; RT-LAMP; Microfluidic Devices; ,,"The lateral flow assay has demonstrated a clinical sensitivity, specificity, and accuracy of 57%, 100%, and 69% for IgM and 81%, 100%, and 86% for IgG, respectively. A test that detects both IgM and IgG yields a clinical sensitivity of 82%. [Microfluidics] showed 100% and 87% clinical sensitivity and specificity for HIV",1+ hours,Y,sirjallex@gmail.com,2020-04-25
4,2020-03-18,"All-in-One Dual CRISPR-Cas12a (AIOD-CRISPR) Assay: A Case for Rapid, Ultrasensitive and Visual Detection of Novel Coronavirus SARS-CoV-2 and HIV virus",https://www.biorxiv.org/content/10.1101/2020.03.19.998724v1,bioRxiv,Simulation Study,All-in-One Dual CRISPR-Cas12a (AIOD-CRISPR),3.0,Both real-time and visual AIOD-CRISPR-based detections could detect down to 4.6 copies of SARS-CoV-2 N RNA targets in 40 min.,<40 min,Y,sirjallex@gmail.com,2020-04-25
5,2020-03-10,In silico approach to accelerate the development of mass spectrometry-based proteomics methods for detection of viral proteins: Application to COVID-19 biorxiv,https://www.biorxiv.org/content/10.1101/2020.03.08.980383v1,bioRxiv,Simulation Study,Shotgun Proteomics,,Theoretical trypsin digest of the 2019-nCoVpFASTA1 database produced tryptic peptides with average lengths of 8 to 18 amino acids. These results indicate that trypsin digestion is an appropriate choice for detection of these viral proteins,6 hours,N,sirjallex@gmail.com,2020-04-25
6,2020-03-09,Sensitive one-step isothermal detection of pathogen-derived RNAs medrxiv,https://www.medrxiv.org/content/10.1101/2020.03.05.20031971v2,medRxiv,Simulation,SENSR (Novel pathogen diagnostic technique),,"All four probe pairs were able to detect 1 aM of SARS267 CoV-2 RNA, thereby exhibiting higher fluorescence intensity compared to that of the related 268 viral RNA sequences",30 mins,N,sirjallex@gmail.com,2020-04-25
7,2020-03-02,CRISPR-based surveillance for COVID-19 using genomically-comprehensive machine learning design biorxiv,https://www.biorxiv.org/content/10.1101/2020.02.26.967026v2,biorxiv,Simulation,CRISPR,,Limit of detection of synthetic RNA target determined to be 10 copies/µl using both fluorescent and lateral flow detection. This assay performs well in comparison to the recently disclosed DETECTR assay (sensitivity: 70–300 cp/µl) and SHERLOCK assay (10–100 cp/µl) for SARS-CoV-2.,30 mins to 3 hrs,Y,sirjallex@gmail.com,2020-04-25
8,2020-03-02,Fecal specimen diagnosis 2019 novel coronavirus–infected pneumonia,https://onlinelibrary.wiley.com/doi/full/10.1002/jmv.25742?casa_token=ho46WmikWXAAAAAA%3AGisen6_A6UoE2JVWPUO3jrkHnQB7J-nYhXZZfoxzkeWAzct4wlJZceUsOJMrb8gCFtnTCsKV3X6tMH8,Journal of Medical Virology,Retrospective Cohort,RT-PCR,14.0,"Five of the 14 confirmed patients (35.7%) had a positive stool sample COVID‐19 nucleic acid, and patients with positive stool samples were also positive for oropharyngeal swabs specimens at least the day before",>24 hrs,Y,sirjallex@gmail.com,2020-04-25
9,2020-03-01,Pixelated colorimetric nucleic acid assay,https://www.sciencedirect.com/science/article/pii/S0039914019312147?via%3Dihub,Talanta,Simulation Study,Pixelated colorimetric nucleic acid assay,,"Successful detection of HBV DNA was demonstrated in plasma, mimicking clinical samples, with a detection limit of 1 nM.",5-45 minutes,N,sirjallex@gmail.com,2020-04-25
10,2020-02-27,A simple magnetic nanoparticles-based viral RNA extraction method for efficient detection of SARS-CoV-2 biorxiv,https://www.biorxiv.org/content/10.1101/2020.02.22.961268v1,medRxiv,Investigative Study,RT-PCR (Novel Procedure),,"pcMNPs have excellent viral RNA binding performances, which results in 10-copy sensitivity and the high linearity over 5 logs of gradient in SARSCoV-2 viral RNA detection using RT-PCR",20 mins,N,sirjallex@gmail.com,2020-04-25
11,2020-02-26,2019 Novel Coronavirus Disease (COVID-19): Paving the Road for Rapid Detection and Point-of-Care Diagnostics,https://www.ncbi.nlm.nih.gov/pmc/articles/PMC7142866/,Micromachines,Review ,rRT-PCR; RT-LAMP; Serology,,"RT-LAMP Sensitivity >95%; PCR Diagnostic sensitivity of 95%, Sensitivity of Serology 88.66%",RT-LAMP <1 hr; PCR 2-3 days;,Y,ker98@georgetown.edu & sirjallex@gmail.com,2020-04-25
12,2020-02-25,Development and Evaluation of A CRISPR-based Diagnostic 2 For 2019-novel Coronavirus,https://www.medrxiv.org/content/10.1101/2020.02.22.20025460v2,medRxiv,Simulation Study,"CRISPR, mNGS, rRT-PCR",52.0,"PCR- and CRISPR-nCoV both had a specificity of 239 100% in our study.PCR-nCoV was able to detect the virus in 90.4% (47/52) of the positive 240 cases, with Ct’s ranging from 28.8 to 40.4 and a median Ct of 35.8. CRISPR showed a greater sensitivity [than PCR] by detecting all 52 244 nCoV-confirmed cases (100%), with FC values ranging from 5.0 to 66.3 and a median FC of 245 22.8 (Figure 4A).",40 mins,Y,sirjallex@gmail.com,2020-04-25
